127, 127, 127, 
0, 127, 127, 
0, 127, 127, 
0, 127, 127, 
0, 127, 127, 
0, 127, 127, 
0, 127, 127, 
0, 127, 127, 
0, 127, 127, 
0, 43, 127, 
0, 34, 127, 
0, 26, 166, 
0, 17, 205, 
0, 26, 229, 
0, 46, 236, 
0, 66, 244, 
0, 66, 244, 
0, 56, 224, 
0, 56, 224, 
0, 56, 224, 
0, 56, 224, 
0, 56, 224, 
0, 56, 224, 
0, 67, 208, 
20, 92, 192, 
104, 117, 159, 
202, 129, 127, 
70, 154, 127, 
6, 154, 127, 
6, 154, 127, 
14, 168, 127, 
6, 182, 127, 
30, 196, 113, 
94, 200, 113, 
74, 204, 113, 
54, 239, 122, 
35, 246, 132, 
15, 254, 141, 
23, 254, 141, 
31, 254, 143, 
16, 254, 145, 
1, 254, 145, 
1, 254, 145, 
1, 254, 145, 
1, 254, 145, 
1, 254, 145, 
1, 254, 145, 
1, 254, 145, 
1, 254, 145, 
1, 254, 158, 
1, 254, 158, 
1, 254, 162, 
1, 254, 166, 
1, 254, 170, 
1, 254, 170, 
1, 254, 172, 
19, 254, 173, 
2, 254, 175, 
10, 254, 176, 
32, 254, 178, 
54, 254, 178, 
76, 254, 178, 
63, 254, 178, 
50, 254, 178, 
50, 254, 178, 
47, 254, 178, 
45, 254, 178, 
42, 254, 178, 
40, 254, 178, 
40, 254, 173, 
32, 254, 168, 
24, 254, 163, 
16, 254, 158, 
8, 254, 158, 
8, 254, 163, 
8, 254, 168, 
8, 254, 149, 
1, 254, 131, 
25, 254, 131, 
49, 237, 125, 
49, 181, 118, 
49, 159, 112, 
49, 159, 112, 
49, 125, 112, 
50, 119, 112, 
51, 123, 106, 
34, 127, 100, 
34, 141, 95, 
47, 156, 89, 
43, 170, 89, 
39, 185, 89, 
36, 189, 92, 
32, 194, 96, 
21, 198, 99, 
47, 202, 99, 
142, 207, 99, 
104, 211, 99, 
95, 201, 99, 
56, 190, 99, 
5, 180, 113, 
5, 150, 127, 
27, 150, 127, 
27, 150, 127, 
10, 150, 127, 
36, 142, 127, 
36, 135, 127, 
45, 127, 127, 
101, 127, 127, 
77, 132, 127, 
77, 137, 127, 
70, 135, 127, 
78, 132, 127, 
87, 130, 127, 
87, 127, 127, 
47, 125, 127, 
32, 125, 127, 
17, 125, 127, 
2, 125, 127, 
2, 125, 127, 
2, 125, 127, 
2, 125, 127, 
2, 125, 127, 
2, 125, 127, 
2, 125, 127, 
2, 125, 127, 
2, 125, 127, 
2, 119, 127, 
8, 112, 127, 
47, 106, 127, 
67, 106, 127, 
44, 100, 127, 
51, 94, 127, 
58, 88, 127, 
58, 82, 127, 
51, 82, 127, 
44, 82, 127, 
37, 82, 130, 
30, 82, 134, 
30, 82, 137, 
20, 79, 137, 
11, 77, 132, 
1, 77, 127, 
1, 77, 127, 
1, 73, 127, 
1, 69, 127, 
9, 65, 133, 
5, 61, 140, 
2, 61, 140, 
22, 61, 127, 
43, 61, 127, 
63, 61, 117, 
56, 61, 107, 
49, 54, 98, 
43, 48, 88, 
36, 41, 101, 
29, 41, 114, 
29, 41, 127, 
11, 41, 127, 
11, 41, 127, 
11, 41, 127, 
11, 41, 105, 
4, 41, 103, 
19, 41, 100, 
35, 41, 98, 
35, 36, 96, 
62, 31, 96, 
90, 27, 96, 
71, 22, 101, 
21, 17, 105, 
47, 17, 110, 
47, 17, 127, 
47, 17, 127, 
38, 17, 127, 
30, 17, 120, 
16, 17, 113, 
3, 17, 107, 
3, 17, 100, 
3, 17, 100, 
33, 17, 109, 
28, 17, 117, 
23, 15, 126, 
23, 12, 126, 
36, 10, 126, 
20, 8, 126, 
4, 12, 126, 
4, 16, 105, 
28, 20, 105, 
28, 32, 92, 
18, 44, 79, 
18, 56, 79, 
18, 56, 79, 
18, 56, 79, 
24, 56, 76, 
43, 56, 74, 
42, 66, 71, 
41, 76, 65, 
36, 87, 60, 
32, 97, 54, 
21, 97, 54, 
10, 102, 54, 
33, 107, 54, 
56, 112, 54, 
79, 117, 54, 
115, 122, 58, 
38, 127, 62, 
10, 127, 66, 
6, 127, 70, 
2, 127, 74, 
14, 127, 78, 
6, 136, 82, 
31, 145, 86, 
31, 145, 90, 
31, 145, 94, 
31, 145, 94, 
31, 150, 94, 
31, 155, 94, 
31, 159, 94, 
31, 164, 99, 
31, 169, 104, 
50, 169, 110, 
34, 177, 115, 
18, 186, 120, 
2, 216, 120, 
2, 224, 120, 
2, 233, 122, 
2, 241, 125, 
2, 241, 127, 
2, 241, 127, 
2, 243, 127, 
2, 244, 127, 
2, 246, 127, 
2, 247, 127, 
2, 249, 127, 
2, 249, 127, 
2, 249, 127, 
2, 249, 127, 
2, 249, 127, 
2, 249, 127, 
2, 249, 127, 
2, 249, 140, 
2, 249, 153, 
2, 249, 156, 
2, 249, 160, 
2, 249, 160, 
2, 249, 155, 
2, 249, 150, 
2, 249, 145, 
2, 249, 145, 
2, 249, 145, 
2, 249, 145, 
16, 249, 145, 
63, 249, 153, 
63, 249, 153, 
44, 249, 153, 
25, 249, 153, 
39, 249, 153, 
39, 249, 153, 
33, 249, 153, 
39, 249, 153, 
65, 249, 156, 
91, 249, 160, 
73, 200, 193, 
11, 178, 198, 
11, 174, 204, 
49, 171, 204, 
5, 167, 204, 
11, 164, 204, 
17, 160, 204, 
9, 157, 207, 
1, 153, 210, 
1, 146, 213, 
1, 140, 216, 
1, 140, 219, 
63, 145, 219, 
45, 150, 214, 
28, 145, 209, 
22, 140, 204, 
45, 127, 199, 
33, 115, 195, 
10, 115, 190, 
10, 112, 185, 
49, 108, 180, 
26, 105, 175, 
4, 102, 180, 
4, 102, 186, 
18, 102, 191, 
73, 102, 196, 
128, 97, 201, 
97, 92, 207, 
82, 87, 212, 
18, 96, 223, 
18, 96, 234, 
18, 92, 234, 
18, 88, 234, 
18, 84, 234, 
48, 84, 234, 
42, 84, 234, 
8, 84, 234, 
8, 84, 234, 
44, 84, 234, 
51, 84, 234, 
0, 84, 234, 
3, 84, 234, 
6, 66, 234, 
6, 66, 234, 
69, 66, 234, 
44, 61, 234, 
31, 56, 234, 
17, 56, 234, 
4, 56, 234, 
4, 56, 234, 
35, 56, 234, 
35, 54, 234, 
0, 52, 234, 
0, 50, 234, 
0, 48, 234, 
2, 46, 234, 
4, 44, 228, 
76, 40, 222, 
100, 37, 216, 
73, 33, 216, 
7, 33, 216, 
12, 35, 216, 
16, 37, 216, 
21, 40, 216, 
12, 42, 216, 
3, 44, 216, 
3, 46, 216, 
19, 46, 216, 
19, 46, 216, 
15, 46, 216, 
11, 46, 216, 
7, 46, 216, 
14, 46, 216, 
21, 54, 216, 
3, 54, 216, 
3, 54, 216, 
3, 54, 216, 
3, 54, 216, 
3, 54, 216, 
3, 54, 216, 
3, 54, 216, 
3, 54, 216, 
3, 54, 216, 
3, 54, 216, 
3, 54, 216, 
3, 54, 216, 
3, 54, 216, 
29, 58, 216, 
81, 61, 216, 
225, 65, 216, 
177, 69, 214, 
45, 69, 212, 
45, 69, 210, 
18, 69, 208, 
5, 69, 206, 
13, 69, 206, 
7, 69, 206, 
1, 69, 206, 
1, 69, 206, 
1, 69, 206, 
26, 69, 206, 
25, 69, 206, 
25, 69, 206, 
25, 69, 206, 
159, 69, 206, 
150, 69, 206, 
28, 77, 206, 
38, 84, 206, 
146, 92, 203, 
54, 100, 201, 
8, 100, 198, 
33, 100, 196, 
21, 100, 196, 
9, 100, 196, 
29, 100, 196, 
29, 100, 196, 
9, 100, 196, 
9, 100, 196, 
22, 100, 196, 
71, 100, 196, 
82, 100, 196, 
123, 100, 196, 
92, 100, 196, 
92, 100, 196, 
24, 100, 196, 
8, 100, 196, 
18, 100, 196, 
8, 100, 196, 
8, 100, 196, 
21, 100, 196, 
56, 100, 196, 
124, 100, 196, 
77, 100, 196, 
30, 100, 196, 
68, 100, 196, 
59, 100, 196, 
26, 100, 196, 
9, 100, 196, 
9, 100, 196, 
17, 100, 196, 
161, 100, 196, 
149, 100, 196, 
14, 100, 196, 
14, 100, 196, 
10, 100, 196, 
7, 100, 196, 
30, 100, 196, 
54, 100, 196, 
16, 100, 196, 
59, 100, 196, 
102, 100, 196, 
42, 100, 196, 
5, 100, 196, 
5, 100, 196, 
5, 100, 196, 
5, 100, 196, 
5, 100, 196, 
5, 100, 196, 
5, 100, 196, 
16, 100, 196, 
27, 100, 196, 
18, 100, 196, 
126, 100, 196, 
126, 100, 196, 
36, 100, 196, 
7, 100, 196, 
7, 100, 196, 
7, 100, 196, 
7, 100, 196, 
7, 100, 196, 
29, 100, 196, 
52, 100, 196, 
6, 100, 196, 
6, 100, 196, 
58, 100, 196, 
58, 100, 196, 
22, 100, 196, 
9, 100, 196, 
9, 100, 196, 
52, 100, 196, 
95, 100, 196, 
101, 100, 196, 
10, 100, 196, 
1, 100, 196, 
1, 100, 196, 
35, 100, 196, 
20, 100, 196, 
6, 100, 196, 
69, 100, 196, 
37, 100, 196, 
6, 100, 196, 
6, 100, 196, 
5, 100, 196, 
3, 100, 196, 
2, 100, 196, 
36, 100, 196, 
36, 100, 196, 
21, 100, 196, 
7, 100, 196, 
1, 100, 196, 
27, 100, 196, 
27, 100, 196, 
45, 100, 196, 
64, 100, 196, 
64, 112, 196, 
21, 112, 196, 
18, 112, 196, 
16, 118, 196, 
13, 125, 196, 
7, 125, 196, 
1, 125, 196, 
22, 125, 193, 
58, 125, 190, 
37, 125, 187, 
5, 128, 184, 
5, 131, 182, 
19, 134, 179, 
5, 137, 176, 
5, 140, 173, 
54, 143, 173, 
79, 143, 173, 
54, 143, 173, 
54, 147, 173, 
48, 151, 173, 
9, 154, 173, 
7, 158, 173, 
5, 162, 173, 
15, 162, 173, 
26, 162, 173, 
14, 162, 173, 
2, 162, 173, 
2, 162, 173, 
2, 162, 173, 
9, 162, 173, 
94, 167, 173, 
108, 171, 173, 
71, 176, 176, 
12, 181, 180, 
17, 185, 180, 
23, 190, 167, 
13, 206, 154, 
3, 206, 154, 
3, 212, 154, 
3, 219, 154, 
4, 219, 154, 
6, 219, 154, 
6, 222, 154, 
6, 224, 154, 
6, 227, 154, 
6, 230, 153, 
6, 230, 153, 
6, 230, 153, 
6, 230, 153, 
6, 230, 153, 
6, 230, 153, 
6, 230, 153, 
6, 249, 162, 
5, 249, 172, 
5, 249, 181, 
5, 249, 191, 
5, 249, 191, 
4, 249, 193, 
4, 249, 194, 
4, 249, 196, 
4, 249, 197, 
4, 249, 199, 
3, 249, 200, 
3, 249, 202, 
3, 249, 199, 
3, 249, 196, 
3, 249, 194, 
2, 249, 191, 
2, 249, 188, 
2, 249, 188, 
2, 249, 188, 
1, 249, 183, 
1, 249, 178, 
1, 249, 173, 
1, 249, 168, 
1, 249, 168, 
0, 249, 168, 
0, 249, 168, 
0, 249, 168, 
10, 249, 171, 
21, 249, 174, 
31, 249, 178, 
42, 249, 181, 
69, 249, 181, 
43, 249, 181, 
17, 249, 181, 
52, 249, 181, 
75, 249, 181, 
56, 249, 181, 
56, 249, 181, 
41, 249, 181, 
27, 249, 181, 
14, 249, 181, 
2, 249, 181, 
2, 249, 181, 
2, 249, 181, 
2, 249, 181, 
2, 249, 181, 
2, 249, 181, 
2, 249, 181, 
2, 249, 181, 
2, 249, 181, 
2, 249, 181, 
2, 249, 181, 
2, 249, 181, 
2, 249, 181, 
2, 249, 181, 
2, 249, 181, 
2, 249, 181, 
2, 249, 181, 
2, 249, 181, 
2, 249, 181, 
2, 249, 181, 
2, 249, 181, 
2, 249, 181, 
13, 249, 181, 
24, 249, 181, 
35, 249, 181, 
46, 249, 181, 
80, 249, 181, 
19, 244, 181, 
23, 239, 181, 
28, 223, 181, 
28, 207, 178, 
28, 191, 176, 
96, 175, 173, 
96, 159, 173, 
80, 143, 173, 
64, 127, 173, 
80, 127, 173, 
68, 127, 173, 
57, 127, 170, 
57, 127, 168, 
5, 127, 165, 
5, 127, 165, 
5, 127, 165, 
5, 129, 165, 
5, 132, 165, 
5, 134, 165, 
5, 134, 165, 
5, 134, 165, 
5, 134, 165, 
5, 134, 165, 
5, 134, 165, 
5, 134, 165, 
5, 134, 165, 
5, 134, 165, 
5, 134, 165, 
5, 134, 165, 
5, 134, 165, 
5, 134, 165, 
5, 134, 165, 
5, 134, 165, 
5, 134, 165, 
5, 134, 165, 
5, 134, 165, 
5, 134, 165, 
5, 134, 165, 
5, 130, 165, 
202, 127, 164, 
27, 127, 163, 
9, 135, 162, 
22, 143, 160, 
11, 143, 159, 
32, 143, 158, 
66, 143, 157, 
66, 138, 157, 
35, 132, 157, 
5, 127, 157, 
5, 127, 157, 
5, 127, 157, 
105, 133, 157, 
90, 139, 157, 
51, 135, 157, 
49, 132, 161, 
47, 132, 165, 
63, 140, 169, 
37, 136, 173, 
22, 131, 173, 
8, 127, 164, 
8, 127, 154, 
8, 127, 145, 
8, 127, 145, 
8, 127, 145, 
7, 127, 145, 
6, 127, 145, 
5, 127, 145, 
3, 127, 145, 
2, 127, 145, 
1, 127, 145, 
0, 127, 140, 
0, 120, 135, 
0, 114, 135, 
0, 107, 135, 
0, 100, 135, 
55, 93, 141, 
39, 87, 148, 
23, 80, 154, 
70, 80, 161, 
254, 74, 167, 
192, 69, 174, 
251, 63, 180, 
7, 63, 189, 
15, 63, 197, 
145, 67, 206, 
139, 71, 215, 
161, 75, 223, 
67, 79, 232, 
136, 95, 243, 
67, 95, 254, 
14, 95, 254, 
26, 95, 254, 
18, 103, 254, 
11, 111, 254, 
11, 119, 254, 
52, 127, 254, 
43, 127, 254, 
34, 133, 254, 
79, 138, 254, 
96, 144, 254, 
96, 150, 254, 
67, 168, 254, 
14, 168, 254, 
2, 180, 254, 
42, 192, 254, 
58, 192, 254, 
44, 195, 254, 
17, 199, 254, 
17, 190, 254, 
17, 182, 254, 
1, 173, 254, 
1, 165, 254, 
1, 156, 254, 
1, 148, 254, 
1, 141, 254, 
1, 135, 254, 
1, 128, 254, 
1, 122, 254, 
1, 122, 254, 
18, 114, 254, 
55, 106, 254, 
48, 98, 254, 
42, 90, 254, 
42, 82, 254, 
42, 82, 254, 
53, 82, 254, 
132, 96, 254, 
164, 111, 254, 
179, 125, 254, 
212, 140, 254, 
212, 154, 254, 
233, 154, 254, 
254, 173, 254, 
218, 179, 254, 
183, 186, 254, 
147, 192, 254, 
79, 199, 254, 
42, 199, 254, 
29, 187, 254, 
16, 176, 254, 
16, 149, 254, 
16, 149, 254, 
16, 156, 254, 
16, 164, 254, 
12, 171, 254, 
9, 179, 254, 
9, 188, 254, 
9, 196, 254, 
4, 205, 254, 
0, 213, 254, 
50, 207, 254, 
76, 201, 254, 
62, 188, 254, 
35, 175, 254, 
8, 162, 254, 
8, 162, 254, 
8, 195, 254, 
41, 195, 254, 
8, 211, 254, 
8, 211, 254, 
45, 217, 254, 
52, 223, 254, 
32, 229, 254, 
32, 234, 254, 
20, 240, 254, 
9, 246, 254, 
9, 252, 254, 
31, 252, 254, 
31, 252, 254, 
31, 252, 254, 
17, 239, 254, 
3, 227, 254, 
3, 196, 254, 
3, 180, 254, 
3, 180, 254, 
11, 175, 254, 
19, 170, 254, 
19, 164, 254, 
19, 159, 254, 
13, 154, 254, 
7, 154, 254, 
1, 154, 254, 
1, 154, 254, 
1, 154, 254, 
1, 154, 254, 
1, 154, 254, 
1, 154, 254, 
1, 154, 254, 
1, 149, 254, 
1, 144, 254, 
1, 139, 254, 
1, 131, 254, 
1, 124, 254, 
1, 108, 254, 
1, 79, 254, 
1, 72, 254, 
1, 64, 254, 
1, 57, 254, 
1, 50, 254, 
1, 43, 254, 
1, 35, 245, 
1, 28, 236, 
1, 28, 227, 
1, 24, 218, 
1, 19, 209, 
1, 15, 200, 
1, 15, 191, 
1, 15, 168, 
16, 15, 161, 
0, 14, 154, 
0, 13, 148, 
0, 12, 141, 
